<?xml version="1.0" encoding="UTF-8"?>
<root>
  <item name="com.blankj.utilcode.constant.MemoryConstants.Unit">
    <annotation name="android.support.annotation.IntDef">
      <val name="value" val="{com.blankj.utilcode.constant.MemoryConstants.BYTE, com.blankj.utilcode.constant.MemoryConstants.KB, com.blankj.utilcode.constant.MemoryConstants.MB, com.blankj.utilcode.constant.MemoryConstants.GB}" />
    </annotation>
  </item>
  <item name="com.blankj.utilcode.constant.TimeConstants.Unit">
    <annotation name="android.support.annotation.IntDef">
      <val name="value" val="{com.blankj.utilcode.constant.TimeConstants.MSEC, com.blankj.utilcode.constant.TimeConstants.SEC, com.blankj.utilcode.constant.TimeConstants.MIN, com.blankj.utilcode.constant.TimeConstants.HOUR, com.blankj.utilcode.constant.TimeConstants.DAY}" />
    </annotation>
  </item>
</root>

